experiment	config	seed
sampled_hazard_stability_constant_b16	configs/paper_task_encoding/sampled_hazard_stability_constant_b16.yaml	970
sampled_hazard_stability_constant_b16	configs/paper_task_encoding/sampled_hazard_stability_constant_b16.yaml	971
sampled_hazard_stability_constant_b16	configs/paper_task_encoding/sampled_hazard_stability_constant_b16.yaml	972
sampled_hazard_stability_constant_b32	configs/paper_task_encoding/sampled_hazard_stability_constant_b32.yaml	970
sampled_hazard_stability_constant_b32	configs/paper_task_encoding/sampled_hazard_stability_constant_b32.yaml	971
sampled_hazard_stability_constant_b32	configs/paper_task_encoding/sampled_hazard_stability_constant_b32.yaml	972
sampled_hazard_stability_cosine_b16	configs/paper_task_encoding/sampled_hazard_stability_cosine_b16.yaml	970
sampled_hazard_stability_cosine_b16	configs/paper_task_encoding/sampled_hazard_stability_cosine_b16.yaml	971
sampled_hazard_stability_cosine_b16	configs/paper_task_encoding/sampled_hazard_stability_cosine_b16.yaml	972
sampled_hazard_stability_cosine_b32	configs/paper_task_encoding/sampled_hazard_stability_cosine_b32.yaml	970
sampled_hazard_stability_cosine_b32	configs/paper_task_encoding/sampled_hazard_stability_cosine_b32.yaml	971
sampled_hazard_stability_cosine_b32	configs/paper_task_encoding/sampled_hazard_stability_cosine_b32.yaml	972
